id_user,densite_forte,nb_entreprises_fort,presence_colleges,presence_ecoles,presence_equipements
31009,false,false,false,false,true
31005,false,false,false,true,true
31015,false,false,false,false,false
31020,false,false,true,true,true
31008,false,false,false,true,true
31018,false,false,false,false,true
31030,false,false,false,false,true
31026,false,false,false,true,true
31036,true,false,false,true,true
31029,false,false,false,false,true
31038,false,false,false,true,true
31004,false,false,true,true,true
31001,false,false,false,true,true
31021,false,false,false,false,false
31011,false,false,false,true,true
31058,false,false,false,false,false
31050,false,false,false,true,true
31046,false,false,false,false,false
31049,false,false,false,true,true
31040,false,false,false,false,false
31025,false,false,false,true,true
31032,true,true,true,true,true
31022,true,true,true,true,true
31078,false,false,false,false,false
31070,false,false,false,true,true
31069,true,true,true,true,true
31002,false,false,false,false,true
31007,false,false,false,false,false
31019,false,false,false,false,false
31060,false,false,false,false,false
31045,false,false,false,true,true
31052,false,false,false,true,true
31042,false,true,true,true,true
31098,false,false,true,true,true
31056,true,true,false,true,true
31089,false,false,false,true,true
31023,false,false,false,true,true
31028,false,false,true,true,true
31039,false,false,false,false,false
31041,false,false,false,false,false
31065,false,false,false,true,true
31072,false,false,false,false,false
31062,false,false,false,false,false
31118,false,true,false,true,true
31014,false,false,false,false,false
31010,false,false,false,false,true
31003,false,false,false,true,true
31006,false,false,false,false,true
31013,false,false,false,true,true
31066,false,true,true,true,true
31043,false,false,false,false,true
31061,false,false,false,false,true
31048,false,false,false,true,true
31059,false,false,false,false,false
31090,false,false,false,true,true
31085,false,false,false,false,true
31138,false,false,false,false,true
31082,false,false,false,true,true
31092,false,false,false,false,true
31031,false,false,false,false,true
31027,false,false,false,false,true
31080,false,false,true,true,true
31086,false,false,false,false,false
31063,false,false,false,false,false
31081,false,false,false,false,true
31068,false,false,false,false,false
31076,false,false,false,true,true
31017,false,false,false,false,true
31105,false,false,false,false,true
31159,false,false,false,true,false
31102,false,false,false,false,true
31112,false,false,false,true,false
31051,false,false,false,false,true
31106,false,false,true,true,true
31047,false,false,false,false,false
31101,false,false,false,false,true
31083,false,false,false,false,true
31179,false,false,false,true,true
31096,false,false,false,false,false
31024,false,false,false,true,false
31034,false,false,false,false,true
31132,false,false,false,false,false
31079,false,true,false,true,true
31012,false,false,false,false,false
31110,false,false,false,true,true
31071,false,false,false,false,true
31109,false,false,false,true,true
31126,false,false,false,false,false
31103,false,false,false,false,false
31199,false,false,false,false,true
31116,true,true,true,true,true
31044,true,true,true,true,true
31100,false,false,false,true,true
31054,false,false,false,false,true
31088,true,false,false,true,true
31091,true,true,false,true,true
31035,true,false,false,true,true
31125,false,false,false,false,false
31220,false,false,false,true,true
31122,false,false,false,false,false
31099,false,false,false,true,true
31033,false,true,true,true,true
31129,false,false,false,false,false
31123,false,false,false,false,true
31067,false,false,false,false,true
31064,false,false,false,false,false
31136,false,false,false,true,true
31074,false,false,false,false,true
31146,false,false,false,false,false
31111,false,false,false,false,true
31108,false,false,false,true,true
31240,false,false,false,true,true
31055,false,false,false,false,false
31149,true,true,true,true,true
31142,false,false,false,false,true
31152,false,false,false,false,false
31053,false,false,false,true,true
31143,false,false,false,false,true
31130,false,false,false,false,true
31167,false,false,false,true,true
31037,false,false,false,true,true
31157,true,true,true,true,true
31094,false,false,false,true,true
31131,false,false,false,false,false
31128,false,false,false,true,true
31121,false,false,false,false,false
31120,false,false,false,true,false
31261,false,false,false,true,true
31163,false,false,false,true,true
31173,false,false,false,true,true
31073,false,false,false,true,true
31150,true,true,false,true,true
31187,true,true,true,true,true
31151,false,false,false,true,true
31057,false,false,false,true,true
31114,false,false,false,true,true
31141,false,false,false,true,false
31087,false,false,false,true,true
31148,false,false,false,true,true
31140,false,false,false,false,true
31281,false,false,false,true,true
31183,false,false,false,true,true
31171,false,false,false,false,true
31075,false,false,false,true,true
31207,false,false,false,false,false
31134,false,false,false,false,false
31172,false,false,false,false,false
31162,true,false,false,true,true
31119,false,false,false,true,true
31177,false,false,false,false,false
31161,false,false,false,true,true
31228,false,false,true,true,true
31302,false,false,false,true,false
31203,true,true,true,true,true
31095,false,false,false,false,false
31193,false,false,true,true,true
31093,false,false,false,true,true
31170,false,false,false,false,true
31182,true,true,true,true,true
31164,false,false,false,false,false
31107,false,true,true,true,true
31197,false,false,false,true,true
31181,false,false,false,true,true
31323,false,false,false,true,true
31224,false,false,false,true,true
31145,false,false,false,true,true
31115,false,false,false,false,false
31190,false,false,false,true,true
31169,true,true,false,true,true
31213,false,false,false,false,false
31113,true,true,true,true,true
31084,false,false,false,true,true
31191,false,false,false,false,true
31202,false,true,true,true,true
31127,false,false,false,false,false
31218,false,false,false,false,false
31192,false,false,false,true,true
31201,false,false,false,false,false
31166,false,false,false,true,true
31077,false,false,false,true,true
31155,false,false,false,true,true
31211,false,false,false,true,true
31234,false,false,false,false,true
31133,false,false,false,true,true
31104,false,false,false,true,true
31223,false,false,false,false,false
31248,true,true,true,true,true
31238,false,false,false,true,false
31147,false,false,false,true,true
31186,true,false,false,true,true
31097,false,false,false,false,true
31184,false,false,false,true,true
31254,true,true,false,true,true
31343,false,false,false,false,false
31124,false,false,false,true,true
31232,false,true,true,true,true
31189,false,false,false,false,false
31269,false,false,false,true,true
31243,false,false,false,false,true
31259,true,false,false,true,true
31168,false,false,false,false,true
31206,false,false,false,true,true
31117,false,false,false,true,true
31204,false,false,false,false,false
31275,false,false,false,false,false
31252,true,false,false,true,true
31363,false,false,false,true,true
31144,false,false,false,true,true
31175,false,false,false,true,true
31210,false,false,false,true,true
31212,false,false,false,true,true
31289,false,false,false,true,true
31153,false,false,false,false,true
31279,false,false,false,false,false
31273,true,false,false,true,true
31227,false,false,false,true,true
31295,false,false,false,false,false
31231,false,false,false,true,true
31383,false,false,false,true,true
31195,false,false,false,false,false
31222,false,false,false,false,true
31209,false,false,false,true,false
31311,false,false,false,true,true
31174,false,false,false,true,true
31264,false,false,false,true,true
31135,false,true,true,true,true
31188,true,true,true,true,true
31244,false,false,false,false,true
31247,false,false,false,true,true
31251,false,false,false,true,false
31137,false,false,false,true,true
31317,false,false,false,false,true
31216,false,false,false,false,false
31242,false,false,false,false,false
31233,false,false,false,true,true
31284,true,false,false,true,true
31165,true,true,false,true,true
31331,false,false,false,false,true
31194,false,false,false,false,false
31272,false,false,false,false,false
31208,false,false,false,true,true
31139,false,false,false,false,false
31268,false,false,false,false,true
31253,true,false,false,true,true
31230,true,false,true,true,true
31403,false,false,false,true,true
31158,false,false,false,false,false
31263,false,false,false,true,true
31337,false,false,false,false,false
31229,false,false,false,true,true
31292,false,false,false,false,true
31300,false,false,false,true,true
31305,false,false,false,false,true
31215,false,false,false,true,true
31293,true,false,false,true,true
31160,false,false,false,true,true
31288,false,false,false,false,true
31250,false,false,false,true,true
31265,false,false,false,false,false
31423,false,false,false,false,false
31283,false,false,false,true,true
31357,false,false,false,true,true
31321,false,false,false,true,false
31249,false,false,false,true,true
31326,false,false,false,false,false
31314,false,false,false,true,false
31235,false,false,false,false,true
31271,false,false,false,true,true
31351,true,false,false,true,true
31310,false,false,false,true,false
31285,false,false,false,true,true
31341,false,true,false,true,true
31270,false,false,false,true,true
31444,false,false,false,false,false
31274,false,false,false,false,true
31334,false,false,false,true,true
31377,false,false,false,true,true
31304,false,false,false,true,true
31236,false,false,false,false,true
31225,false,false,false,false,false
31371,false,false,false,false,false
31255,false,false,false,true,true
31330,false,false,false,true,true
31290,false,false,false,false,false
31361,false,false,false,false,true
31354,false,false,false,false,true
31464,false,false,false,true,false
31294,false,false,false,false,false
31256,false,false,false,false,true
31156,false,false,false,true,false
31178,false,false,false,false,true
31312,false,false,false,false,false
31381,false,false,false,true,true
31291,true,true,true,true,true
31315,false,false,false,true,true
31374,false,false,false,true,true
31391,false,false,false,true,true
31277,false,false,false,true,true
31185,false,false,false,false,false
31176,false,false,false,false,true
31332,false,false,false,false,true
31401,false,false,false,true,true
31198,false,false,false,false,false
31397,false,false,false,false,false
31411,false,false,false,true,true
31245,false,false,false,false,true
31205,true,false,false,true,true
31196,false,false,false,true,false
31346,false,false,false,true,true
31276,false,false,false,true,true
31421,true,false,true,true,true
31219,false,false,false,true,true
31484,true,false,false,true,true
31417,true,true,true,true,true
31180,false,false,false,false,false
31266,false,false,false,false,false
31313,false,false,false,false,false
31226,false,false,false,false,true
31217,false,false,false,false,true
31325,false,false,false,true,true
31442,false,false,false,true,true
31504,false,false,false,true,true
31200,false,false,false,false,false
31437,false,false,false,false,true
31286,false,false,false,true,true
31306,false,false,false,true,true
31352,false,false,false,false,true
31239,false,false,true,true,true
31246,false,false,false,true,true
31462,true,true,false,true,true
31431,false,false,false,false,false
31237,false,false,false,false,false
31345,false,false,false,true,true
31366,false,false,false,true,true
31394,false,false,false,false,true
31372,false,false,false,true,true
31260,false,false,false,false,true
31297,false,false,false,true,true
31452,false,false,false,false,false
31482,false,false,false,false,false
31267,false,false,false,false,false
31350,false,false,false,false,false
31365,false,false,false,true,true
31386,false,false,false,false,false
31414,false,false,false,false,false
31316,false,false,false,true,true
31524,false,false,false,false,true
31392,false,false,false,false,false
31319,false,false,false,false,false
31458,true,true,false,true,true
31335,false,false,false,false,false
31296,false,false,false,true,true
31385,false,false,false,false,true
31370,false,false,false,false,true
31327,false,false,false,false,true
31406,false,false,false,true,true
31434,false,false,false,false,false
31336,false,false,false,true,true
31333,false,false,false,false,false
31544,false,false,false,true,true
31412,false,false,false,true,true
31318,false,false,false,false,true
31339,false,false,false,false,true
31390,true,false,true,true,true
31347,false,false,false,true,false
31280,false,false,false,true,true
31426,false,false,false,true,true
31455,false,false,false,true,true
31221,false,false,false,false,true
31432,false,false,false,false,false
31367,false,false,false,false,false
31258,false,false,false,true,true
31359,false,false,false,false,false
31410,true,true,true,true,true
31447,false,false,false,false,false
31405,false,false,false,false,true
31478,false,false,false,true,true
31453,false,false,false,false,false
31241,false,false,false,true,true
31472,false,false,false,true,true
31379,false,false,false,false,true
31430,false,false,false,true,true
31502,false,false,false,true,true
31308,false,false,false,false,false
31425,false,false,false,true,true
31498,false,false,false,false,false
31473,false,false,false,true,true
31475,false,false,false,true,true
31355,false,false,false,true,true
31522,false,false,false,false,true
31328,false,false,false,true,true
31446,true,true,true,true,true
31518,false,false,false,true,true
31287,false,false,false,true,true
31353,false,false,false,false,false
31564,false,false,false,false,true
31387,false,false,false,false,true
31495,false,false,false,true,true
31356,false,false,false,true,true
31542,false,false,false,false,true
31348,false,false,false,false,true
31338,false,false,false,true,true
31301,false,false,false,false,true
31538,false,false,false,false,false
31399,true,false,true,true,true
31584,false,true,true,true,true
31373,false,false,false,true,false
31492,false,false,false,true,true
31376,false,false,false,false,false
31562,false,false,false,false,false
31368,false,false,false,true,true
31493,false,false,false,false,false
31278,false,false,false,true,true
31322,false,false,false,false,false
31358,false,false,true,true,true
31375,false,false,true,true,true
31558,false,false,false,false,false
31393,false,false,false,true,false
31419,false,false,false,false,false
31388,false,false,false,true,true
31513,false,false,false,true,true
31396,false,false,true,true,true
31451,false,true,true,true,true
31342,false,false,false,false,true
31515,false,false,false,true,true
31299,false,false,true,true,true
31378,false,false,false,false,false
31578,false,false,false,true,true
31413,false,false,false,true,false
31408,false,false,false,false,true
31533,true,false,false,true,true
31467,true,true,false,true,true
31471,false,false,true,true,true
31582,true,true,true,true,true
31262,false,false,false,true,true
31320,false,false,false,true,true
31428,false,false,false,false,true
31309,false,false,false,true,true
31553,false,false,false,true,true
31395,true,true,true,true,true
31487,false,false,false,true,false
31491,false,false,false,true,true
31466,false,false,false,true,true
31282,true,true,true,true,true
31340,false,false,false,false,false
31329,false,false,false,false,false
31407,false,false,false,true,true
31449,false,false,false,false,false
31507,true,false,false,true,true
31573,false,true,true,true,true
31415,false,false,false,false,false
31511,false,false,false,false,false
31303,false,false,false,true,true
31349,false,false,false,true,true
31427,false,false,false,true,true
31440,false,false,false,false,true
31535,false,false,false,true,true
31527,false,false,false,false,true
31593,false,false,false,false,false
31435,false,false,false,true,true
31531,false,false,false,false,false
31448,false,false,false,false,true
31555,true,true,true,true,true
31369,false,false,false,false,false
31460,true,false,false,true,true
31456,false,false,false,false,false
31486,false,false,false,true,true
31469,false,false,false,false,true
31551,false,false,false,true,true
31433,true,true,true,true,true
31398,false,false,false,false,true
31512,false,false,true,true,true
31575,false,false,false,true,true
31468,false,false,false,true,true
31480,false,false,false,true,true
31476,false,false,false,true,true
31506,true,true,true,true,true
31489,false,false,false,false,true
31454,false,false,true,true,true
31324,false,false,false,true,true
31547,true,true,false,true,true
31488,true,true,true,true,true
31496,false,false,false,false,true
31416,false,false,false,true,false
31509,false,false,false,true,true
31389,true,true,true,true,true
31474,false,false,false,false,false
31567,false,false,false,true,true
31508,false,false,false,false,false
31516,false,false,false,true,true
31436,false,false,false,false,true
31532,false,false,false,false,false
31409,true,false,false,true,true
31494,false,false,false,true,false
31587,false,false,false,true,true
31500,false,false,false,true,true
31528,false,false,false,false,true
31526,true,true,true,true,true
31536,false,false,false,true,true
31344,false,false,false,true,true
31429,true,false,false,true,true
31552,false,false,false,true,false
31514,false,false,false,false,false
31520,false,false,false,false,true
31548,false,false,false,false,false
31571,false,false,false,true,true
31546,false,false,false,false,false
31556,false,false,false,false,false
31364,true,false,false,true,true
31360,false,false,false,true,true
31450,false,false,false,true,true
31572,false,false,false,true,true
31534,false,false,false,false,true
31457,false,false,false,true,true
31362,false,false,false,false,false
31540,false,false,false,false,false
31591,false,false,false,false,false
31384,false,false,false,true,true
31566,false,false,false,true,true
31529,false,false,false,false,true
31418,false,false,false,false,true
31470,false,false,false,false,true
31592,false,false,false,true,true
31382,false,false,false,false,false
31560,false,false,false,true,true
31404,false,false,false,true,true
31549,false,false,false,false,false
31586,false,false,false,true,true
31439,false,false,false,true,true
31568,false,false,false,true,true
31402,false,false,false,true,true
31576,false,false,false,true,true
31380,false,false,false,true,true
31580,true,false,false,false,true
31569,false,false,false,true,true
31459,false,false,false,true,true
31554,false,false,false,false,false
31477,false,false,false,false,false
31588,true,true,true,true,true
31400,false,false,false,false,true
31490,true,true,true,true,true
31589,false,false,false,true,true
31479,false,false,false,false,false
31574,false,false,true,true,true
31497,true,false,false,true,true
31420,true,false,false,true,true
31510,false,false,false,false,false
31424,true,true,true,true,true
31422,false,false,false,false,true
31517,false,false,false,true,true
31441,false,false,false,false,true
31445,true,true,true,true,true
31443,false,false,false,true,true
31530,false,false,false,false,false
31537,false,false,false,false,true
31499,true,true,true,true,true
31465,false,false,false,false,false
31463,false,false,false,false,true
31461,false,false,false,true,false
31550,false,false,false,true,true
31557,true,true,true,true,true
31519,false,false,false,false,false
31485,false,false,false,false,true
31483,true,true,true,true,true
31481,false,false,false,true,true
31570,false,false,false,true,true
31577,false,false,false,false,false
31539,false,false,false,false,false
31505,false,false,false,true,true
31503,false,false,false,true,true
31501,false,false,false,false,true
31590,false,false,false,false,false
31559,false,false,false,false,false
31525,false,false,false,true,true
31523,false,false,true,true,true
31521,false,false,false,true,true
31579,false,false,false,true,true
31545,false,false,false,false,true
31543,false,false,false,true,true
31541,true,false,true,true,true
31565,false,false,false,true,true
31563,false,false,false,true,true
31561,true,true,true,true,true
31581,false,false,false,true,true
31585,false,false,false,true,true
31583,false,false,false,true,true
1009,true,true,true,false,true
1005,false,false,true,false,true
1015,true,false,true,false,false
1020,false,false,false,true,true
1008,false,false,true,false,true
1018,false,false,false,false,true
1030,false,false,false,false,false
1026,false,false,true,true,true
1036,true,true,true,true,true
1029,false,true,true,false,false
1038,true,false,true,false,true
1004,false,false,true,false,true
1001,false,false,false,true,true
1021,false,false,true,true,false
1011,false,false,true,true,true
1058,false,false,false,false,false
1050,false,false,true,false,true
1046,false,false,true,false,false
1049,false,false,true,false,true
1040,false,true,true,true,false
1025,true,false,true,true,true
1032,true,false,true,true,true
1022,true,true,false,true,false
1078,false,false,false,false,false
1070,true,false,true,true,true
1069,true,true,false,true,true
1002,false,false,true,false,true
1007,false,false,false,false,false
1019,false,false,true,false,false
1060,false,false,false,false,false
1045,false,false,true,true,true
1052,false,false,true,true,true
1042,false,true,false,true,true
1098,false,false,false,true,false
1056,true,true,true,false,false
1089,false,false,true,true,true
1023,false,false,true,true,true
1028,false,false,true,false,true
1039,false,false,false,false,false
1041,false,true,false,true,false
1065,false,true,true,true,true
1072,false,false,false,false,false
1062,false,true,true,false,false
1118,false,true,true,false,false
1014,false,false,true,false,false
1010,true,false,true,false,true
1003,false,false,true,true,true
1006,false,false,false,false,false
1013,false,false,false,false,true
1066,false,true,true,true,true
1043,false,false,true,false,true
1061,false,false,true,false,false
1048,false,false,false,true,true
1059,false,false,false,false,false
1090,false,false,true,true,true
1085,false,true,true,false,true
1138,false,false,true,true,true
1082,false,false,true,true,true
1092,false,false,true,false,true
1031,false,false,true,false,true
1027,false,false,true,false,false
1080,true,false,false,true,false
1086,false,false,true,false,false
1063,false,false,false,false,true
1081,false,true,false,true,true
1068,true,false,true,false,false
1076,false,false,true,true,true
1017,false,true,true,false,true
1105,false,false,false,false,true
1159,false,false,true,false,true
1102,true,false,true,false,true
1112,false,true,true,true,false
1051,false,false,false,false,true
1106,true,false,false,true,true
1047,true,false,false,false,false
1101,true,false,true,false,true
1083,true,false,true,false,true
1179,false,true,false,true,true
1096,false,false,true,false,false
1024,true,false,true,true,false
1034,false,false,false,true,true
1132,false,false,true,false,false
1079,true,true,true,false,true
1012,false,true,true,false,true
1110,false,false,false,true,true
1071,false,true,true,true,true
1109,false,false,false,true,true
1126,true,false,true,false,false
1103,false,false,false,true,true
1199,false,true,false,false,true
1116,true,false,false,true,true
1044,true,true,false,true,true
1100,false,false,true,true,true
1054,false,false,true,false,true
1088,true,false,true,true,true
1091,true,true,true,true,true
1035,true,false,true,true,false
1125,true,false,true,false,false
1220,true,false,true,true,true
1122,false,false,true,true,false
1099,false,false,true,false,true
1033,true,false,true,true,true
1129,false,false,true,false,false
1123,false,false,true,false,true
1067,false,false,true,false,false
1064,false,true,false,false,false
1136,false,false,true,true,true
1074,false,false,true,false,true
1146,false,true,true,false,false
1111,false,false,true,false,true
1108,false,false,false,true,false
1240,false,false,true,true,true
1055,true,false,true,false,false
1149,false,false,false,false,true
1142,true,false,true,false,true
1152,false,false,true,false,false
1053,false,false,true,true,true
1143,false,false,true,false,true
1130,true,false,false,false,true
1167,false,false,true,true,false
1037,true,false,false,true,true
1157,true,true,true,false,false
1094,true,false,true,true,true
1131,true,false,true,false,false
1128,false,false,true,true,true
1121,false,false,false,true,false
1120,false,true,true,true,false
1261,false,true,true,true,true
1163,true,false,true,true,true
1173,false,false,true,true,true
1073,false,false,true,true,true
1150,false,true,true,true,true
1187,true,true,false,true,true
1151,false,false,true,true,true
1057,false,false,true,false,true
1114,false,false,true,true,true
1141,false,false,false,false,false
1087,false,false,true,true,true
1148,false,false,true,true,true
1140,false,false,true,false,true
1281,false,false,false,true,true
1183,false,false,true,true,true
1171,false,false,false,false,true
1075,true,false,false,false,true
1207,false,true,true,false,false
1134,false,false,true,false,true
1172,false,false,true,false,false
1162,true,true,true,true,true
1119,false,false,true,true,true
1177,false,false,true,false,false
1161,true,false,true,false,true
1228,false,false,true,true,true
1302,false,true,false,true,false
1203,true,true,false,true,true
1095,false,false,true,false,false
1193,true,false,true,true,true
1093,false,false,true,true,true
1170,false,false,true,false,true
1182,true,true,false,true,true
1164,false,false,true,false,true
1107,true,true,false,false,true
1197,true,true,true,true,true
1181,true,false,true,true,true
1323,false,false,false,true,true
1224,false,false,false,true,true
1145,false,false,true,true,false
1115,false,false,false,false,false
1190,true,false,false,true,true
1169,true,true,true,false,true
1213,true,true,true,true,false
1113,true,false,false,true,true
1084,true,false,true,false,true
1191,false,true,false,true,true
1202,false,true,false,true,false
1127,false,false,true,false,false
1218,false,false,true,false,false
1192,false,true,true,false,true
1201,false,false,true,false,false
1166,false,false,true,true,true
1077,false,false,true,true,false
1155,false,false,false,true,true
1211,true,false,true,true,false
1234,false,false,false,false,true
1133,false,true,false,true,true
1104,false,false,true,true,true
1223,false,false,true,false,false
1248,true,true,false,true,false
1238,false,false,false,true,true
1147,false,false,true,true,true
1186,true,false,true,false,true
1097,true,true,true,false,true
1184,false,false,true,true,false
1254,true,true,true,true,false
1343,true,false,true,true,false
1124,false,true,true,true,true
1232,false,true,true,true,true
1189,false,false,true,false,false
1269,false,false,true,true,true
1243,true,true,true,true,true
1259,true,false,false,true,true
1168,true,false,true,false,false
1206,false,true,false,true,true
1117,true,false,true,true,false
1204,false,true,true,true,false
1275,false,false,true,false,false
1252,true,false,true,true,true
1363,false,false,false,true,false
1144,false,false,true,false,true
1175,true,false,true,true,true
1210,false,false,true,false,true
1212,false,false,true,true,true
1289,false,true,true,true,true
1153,true,true,false,false,true
1279,true,false,true,false,false
1273,true,true,true,true,true
1227,false,false,false,true,true
1295,false,false,true,false,false
1231,true,false,true,true,true
1383,false,false,false,true,true
1195,false,false,true,false,true
1222,false,false,true,false,false
1209,false,false,true,true,false
1311,false,false,true,true,true
1174,false,false,false,true,true
1264,false,false,true,false,true
1135,false,true,false,true,false
1188,false,true,false,true,false
1244,false,true,true,true,false
1247,false,true,true,true,true
1251,false,false,true,true,true
1137,true,false,true,true,true
1317,false,false,true,false,false
1216,false,false,true,false,false
1242,false,false,true,false,true
1233,false,false,false,false,true
1284,true,false,false,true,true
1165,true,true,true,true,true
1331,false,false,true,false,true
1194,false,true,true,false,false
1272,true,false,true,false,false
1208,true,true,true,true,true
1139,true,false,true,false,false
1268,true,false,false,true,false
1253,true,false,false,true,true
1230,true,false,false,true,true
1403,false,true,true,false,true
1158,false,false,true,false,false
1263,false,false,true,true,true
1337,false,false,true,false,false
1229,false,true,true,true,true
1292,false,true,false,false,true
1300,false,false,true,true,true
1305,false,false,false,false,true
1215,false,false,true,true,true
1293,true,false,false,false,true
1160,false,true,true,true,true
1288,false,false,true,false,true
1250,false,false,true,true,false
1265,false,true,true,false,false
1423,false,false,true,false,false
1283,false,false,false,true,true
1357,true,false,true,true,true
1321,false,false,true,true,false
1249,false,false,true,true,true
1326,false,false,true,false,false
1314,false,false,true,true,false
1235,true,false,false,false,true
1271,false,false,true,true,false
1351,true,false,true,true,true
1310,false,false,true,true,false
1285,false,true,true,true,true
1341,true,true,true,true,true
1270,false,false,true,true,true
1444,false,false,true,false,false
1274,false,false,true,true,true
1334,false,false,true,true,true
1377,false,false,false,true,true
1304,true,false,true,true,true
1236,false,false,true,false,false
1225,false,false,true,false,false
1371,false,false,true,false,false
1255,false,true,true,true,true
1330,false,false,true,false,true
1290,true,false,true,false,false
1361,false,false,true,false,true
1354,false,false,true,false,true
1464,false,false,true,true,false
1294,true,false,true,false,false
1256,false,false,true,true,false
1156,true,false,false,false,false
1178,false,false,true,false,true
1312,false,false,true,false,true
1381,false,false,true,true,true
1291,false,true,true,true,true
1315,false,true,true,true,false
1374,false,false,true,true,false
1391,true,false,true,true,true
1277,false,false,true,true,true
1185,true,false,true,true,true
1176,false,false,true,true,true
1332,false,true,true,true,true
1401,false,false,true,true,true
1198,true,false,true,true,true
1397,false,false,true,false,false
1411,false,false,true,true,true
1245,false,false,true,false,true
1205,false,false,true,true,true
1196,false,true,true,false,false
1346,false,false,true,true,true
1276,true,false,false,true,true
1421,true,false,false,true,true
1219,false,false,true,true,true
1484,true,false,true,true,true
1417,true,true,false,true,false
1180,false,true,true,false,false
1266,false,false,true,true,false
1313,false,false,true,false,false
1226,false,true,true,false,true
1217,false,true,true,false,false
1325,true,false,true,true,true
1442,false,true,true,true,true
1504,false,false,true,true,false
1200,false,false,true,false,false
1437,false,false,true,false,true
1286,false,true,false,true,true
1306,false,false,true,true,true
1352,true,false,true,false,true
1239,false,false,true,true,true
1246,false,false,false,true,true
1462,true,true,true,true,true
1431,false,false,true,false,false
1237,false,false,true,false,true
1345,true,false,true,true,true
1366,false,true,true,true,true
1394,false,true,true,false,true
1372,false,false,true,true,true
1260,false,false,true,false,true
1297,true,false,true,true,false
1452,false,true,true,false,true
1482,false,true,true,false,true
1267,false,false,false,false,false
1350,false,false,true,false,false
1365,false,false,true,true,true
1386,false,true,true,false,false
1414,false,true,true,false,false
1316,false,false,true,true,true
1524,false,false,false,false,false
1392,false,false,true,true,false
1319,false,true,false,false,false
1458,true,false,true,false,true
1335,false,false,true,false,false
1296,false,false,false,true,true
1385,true,false,true,false,false
1370,false,false,true,false,false
1327,true,false,true,false,false
1406,true,false,true,true,true
1434,false,false,true,false,false
1336,false,false,true,true,false
1333,false,false,true,false,false
1544,false,false,true,true,true
1412,false,false,false,true,true
1318,false,false,true,false,false
1339,false,false,true,true,false
1390,true,false,false,true,true
1347,false,false,false,true,true
1280,false,false,true,true,true
1426,false,true,false,true,true
1455,false,false,true,true,true
1221,false,false,true,false,true
1432,false,false,true,false,false
1367,false,false,false,false,false
1258,false,false,true,false,true
1359,false,false,true,false,false
1410,true,false,false,true,true
1447,false,true,true,false,true
1405,false,true,false,false,true
1478,false,false,true,true,true
1453,false,false,true,true,false
1241,false,false,true,true,true
1472,false,false,true,true,true
1379,false,false,true,false,true
1430,false,false,true,true,true
1502,false,false,true,true,true
1308,false,true,true,false,false
1425,false,true,false,true,false
1498,true,true,true,false,false
1473,false,true,false,true,false
1475,false,false,true,true,true
1355,false,true,true,true,true
1522,false,false,true,true,true
1328,false,false,false,true,true
1446,false,true,false,true,false
1518,true,false,false,false,true
1287,false,false,true,true,true
1353,false,false,true,false,true
1564,false,false,true,false,true
1387,true,false,true,false,true
1495,false,true,true,true,false
1356,true,false,true,true,true
1542,false,true,false,false,true
1348,true,false,true,true,true
1338,true,false,true,true,true
1301,false,true,true,false,true
1538,false,true,true,false,false
1399,true,false,false,true,false
1584,true,false,false,true,true
1373,true,false,true,false,false
1492,false,false,true,false,true
1376,false,false,true,false,false
1562,false,true,true,true,false
1368,false,false,true,false,true
1493,false,false,true,false,false
1278,false,false,true,true,true
1322,true,false,true,true,false
1358,true,false,false,false,true
1375,false,false,false,true,false
1558,false,false,true,true,false
1393,false,false,false,true,false
1419,false,false,true,false,false
1388,true,true,true,true,true
1513,false,false,true,true,true
1396,false,false,true,true,true
1451,false,true,false,true,true
1342,false,false,true,true,true
1515,true,false,true,true,true
1299,false,true,true,true,true
1378,false,false,true,false,false
1578,false,false,false,true,false
1413,false,true,true,true,true
1408,false,false,true,false,true
1533,false,false,true,true,true
1467,false,true,false,true,true
1471,false,false,true,true,false
1582,true,false,false,true,true
1262,true,false,true,true,true
1320,true,false,true,true,true
1428,false,false,true,false,true
1309,false,false,true,true,true
1553,false,false,true,true,true
1395,true,true,false,true,true
1487,false,false,true,true,false
1491,false,true,true,true,false
1466,false,false,true,true,false
1282,true,true,false,true,true
1340,true,false,true,false,false
1329,true,false,true,false,false
1407,true,true,true,true,true
1449,false,false,true,false,true
1507,false,false,true,true,true
1573,true,false,true,true,true
1415,false,false,true,true,false
1511,false,false,false,false,false
1303,true,true,true,true,true
1349,false,false,false,true,true
1427,false,false,true,true,false
1440,true,false,true,false,true
1535,false,false,true,true,false
1527,true,false,true,false,false
1593,false,false,true,false,false
1435,false,false,true,true,false
1531,false,false,false,false,false
1448,false,false,true,false,false
1555,true,true,false,true,false
1369,true,false,true,false,false
1460,false,false,false,true,true
1456,false,true,true,false,false
1486,false,false,false,true,false
1469,true,true,true,false,true
1551,false,true,true,true,true
1433,true,true,false,true,true
1398,false,false,true,false,true
1512,true,false,false,true,true
1575,false,false,true,true,true
1468,false,false,true,true,true
1480,false,true,true,true,true
1476,true,false,true,true,true
1506,false,false,false,true,true
1489,false,true,true,true,true
1454,true,true,false,true,true
1324,false,false,false,true,false
1547,true,true,true,false,true
1488,true,true,false,true,true
1496,true,false,true,false,true
1416,true,false,true,false,false
1509,false,true,false,true,true
1389,true,true,true,true,true
1474,false,false,true,false,false
1567,false,true,false,true,true
1508,true,true,true,false,false
1516,false,false,true,true,true
1436,true,false,true,false,true
1532,false,false,true,false,true
1409,true,false,true,true,false
1494,false,false,true,true,true
1587,false,false,true,false,true
1500,true,true,true,false,true
1528,false,false,true,false,true
1526,true,true,false,true,true
1536,false,false,true,true,false
1344,false,true,false,false,false
1429,false,false,true,true,true
1552,false,false,true,false,false
1514,false,false,true,false,true
1520,true,false,true,false,true
1548,false,false,true,false,false
1571,false,false,true,true,true
1546,false,false,true,false,false
1556,true,false,true,false,false
1364,true,false,true,true,true
1360,false,false,true,true,true
1450,false,false,false,true,false
1572,false,false,true,true,true
1534,false,false,false,false,true
1457,false,true,true,true,true
1362,true,true,true,false,false
1540,false,false,true,true,false
1591,false,false,true,false,true
1384,false,false,true,true,true
1566,false,false,true,false,false
1529,true,false,true,false,false
1418,false,false,false,false,true
1470,false,false,true,false,true
1592,false,false,false,true,true
1382,true,false,false,true,false
1560,false,false,true,false,false
1404,false,false,false,false,true
1549,false,false,true,false,false
1586,true,true,true,true,false
1439,true,false,true,true,true
1568,false,true,true,true,true
1402,false,false,false,true,true
1576,false,true,true,true,true
1380,false,false,true,true,false
1580,false,true,true,false,true
1569,true,false,true,true,false
1459,false,false,true,true,true
1554,false,true,true,true,false
1477,true,false,true,false,false
1588,true,false,false,true,true
1400,true,true,true,false,true
1490,true,true,false,true,true
1589,false,false,true,true,true
1479,false,true,true,true,false
1574,false,true,false,true,true
1497,true,true,true,true,true
1420,true,false,false,true,true
1510,false,false,false,false,true
1424,true,true,false,true,true
1422,false,false,true,true,true
1517,false,false,true,true,true
1441,false,false,true,false,true
1445,true,false,false,true,true
1443,false,true,false,true,false
1530,false,false,true,false,false
1537,true,false,true,false,true
1499,true,true,false,true,true
1465,false,true,true,false,true
1463,false,false,false,false,true
1461,false,false,true,true,false
1550,false,false,true,true,true
1557,true,false,false,false,true
1519,true,false,true,false,false
1485,false,true,false,true,true
1483,false,true,false,true,true
1481,false,false,true,true,true
1570,false,true,false,false,true
1577,false,false,true,false,false
1539,false,true,true,true,false
1505,false,false,true,true,true
1503,false,false,true,true,true
1501,true,false,true,false,true
1590,false,true,true,false,true
1559,true,false,true,false,true
1525,true,false,true,true,true
1523,true,false,false,true,true
1521,true,false,true,true,true
1579,false,false,true,false,true
1545,false,false,true,false,true
1543,false,false,false,true,true
1541,true,false,false,true,true
1565,true,true,true,true,true
1563,false,false,true,true,true
1561,false,true,true,true,true
1581,false,false,true,true,true
1585,true,false,true,true,true
1583,false,false,true,true,true
1786,false,false,true,false,true
1782,false,true,false,true,true
1792,true,false,false,false,false
1797,false,true,false,true,true
1785,false,true,true,true,true
1795,false,false,true,false,true
1807,false,false,true,false,true
1803,false,true,true,true,true
1813,true,false,true,true,true
1806,false,false,true,true,true
1815,false,true,true,true,true
1781,false,true,true,true,true
1778,true,false,true,false,true
1798,false,false,true,true,false
1788,false,false,true,true,true
1835,false,false,false,false,false
1827,false,false,true,true,true
1823,false,false,true,false,false
1826,true,true,false,true,true
1817,false,false,true,false,false
1802,false,false,true,false,true
1809,true,true,false,true,false
1799,true,false,false,true,true
1855,false,false,true,false,false
1847,false,false,true,false,true
1846,true,true,false,true,true
1779,false,false,true,false,true
1784,false,false,true,false,false
1796,false,false,true,true,false
1837,false,true,true,false,false
1822,false,false,true,false,true
1829,false,false,true,true,false
1819,false,true,false,true,true
1875,false,false,false,true,true
1833,true,true,true,true,false
1866,true,false,false,false,false
1800,false,false,false,true,true
1805,false,false,true,true,false
1816,false,false,false,false,false
1818,false,false,false,false,false
1842,false,false,false,true,true
1849,false,false,true,false,true
1839,false,false,true,false,false
1895,false,true,true,false,false
1791,true,true,true,false,false
1787,false,true,false,false,true
1780,true,false,true,true,true
1783,false,false,true,false,true
1790,false,false,true,true,true
1843,false,false,false,true,true
1820,true,false,true,false,true
1838,true,false,true,true,true
1825,false,false,false,false,true
1836,true,false,true,false,false
1867,true,false,true,false,true
1862,true,true,true,false,true
1915,false,false,false,false,true
1859,false,false,true,false,true
1869,false,false,true,false,true
1808,false,false,true,false,true
1804,false,true,true,false,true
1857,false,true,true,true,true
1863,true,false,true,false,false
1840,true,false,true,false,false
1858,false,false,true,false,true
1845,false,true,true,false,false
1853,false,false,false,true,false
1794,false,false,true,false,false
1882,false,false,true,false,true
1936,true,false,false,true,false
1879,false,false,true,false,true
1889,false,false,true,false,false
1828,false,false,true,true,true
1883,true,false,false,true,true
1824,false,false,true,false,true
1878,true,false,true,false,true
1860,false,true,false,false,true
1956,false,true,true,true,true
1873,false,false,true,true,false
1801,false,false,true,true,false
1811,false,true,false,false,false
1909,false,true,true,false,true
1856,false,true,true,true,true
1789,true,false,false,false,false
1887,true,false,true,true,true
1848,false,false,true,false,true
1886,false,false,true,false,false
1903,false,false,true,false,false
1880,true,false,true,true,true
1976,true,false,true,true,true
1893,true,true,false,true,true
1821,true,true,true,true,true
1877,false,false,false,true,true
1831,false,false,true,false,true
1865,true,true,true,true,false
1868,true,false,true,false,true
1812,true,false,true,true,true
1902,false,true,true,false,false
1997,false,true,false,true,true
1899,true,false,true,false,true
1876,false,true,true,true,true
1810,false,true,false,true,true
1906,false,false,true,false,false
1900,false,true,false,false,false
1844,false,false,true,false,true
1841,false,false,false,true,false
1913,false,false,true,true,true
1851,true,false,true,true,true
1923,true,false,true,false,false
1888,false,false,true,true,true
1885,false,false,true,true,true
2017,false,false,true,true,true
1832,true,false,false,false,false
1926,true,true,false,true,true
1919,false,false,true,true,true
1929,false,true,true,false,false
1830,true,false,true,true,true
1920,false,false,true,true,true
1907,false,true,true,false,true
1944,false,false,false,true,true
1814,true,false,true,false,true
1934,true,true,false,true,true
1871,true,false,true,true,true
1908,false,true,true,false,false
1905,true,false,false,true,true
1898,false,true,true,true,false
1897,false,false,true,true,false
2038,false,false,true,true,true
1940,false,false,true,true,true
1950,false,false,true,false,true
1850,false,false,false,false,true
1927,true,false,false,true,false
1964,true,true,false,false,true
1928,false,false,false,true,false
1834,true,true,true,true,true
1891,false,true,false,true,true
1918,false,false,true,true,true
1864,false,false,true,true,true
1925,false,false,true,true,true
1917,false,false,true,false,true
2058,false,true,true,true,false
1960,false,true,false,true,true
1948,true,false,true,false,false
1852,false,true,true,true,false
1984,false,false,false,true,true
1911,false,false,false,false,false
1949,false,true,true,false,true
1939,true,false,true,false,true
1896,false,false,true,true,true
1954,false,false,false,false,true
1938,false,false,true,true,false
2005,false,false,false,true,false
2079,false,false,true,false,false
1980,true,false,false,true,false
1872,false,false,true,false,false
1970,false,false,false,true,false
1870,true,false,true,true,true
1947,false,false,false,false,true
1959,true,true,false,true,true
1941,false,false,true,true,false
1884,true,false,false,false,true
1974,false,false,false,true,true
1958,false,false,true,false,true
2100,false,false,true,true,true
2001,false,false,true,true,true
1922,false,false,true,false,true
1892,false,false,true,true,false
1967,false,false,false,true,true
1946,true,true,true,false,true
1990,true,false,true,false,true
1890,true,true,true,true,false
1861,true,false,true,true,true
1968,false,false,true,false,true
1979,false,true,true,true,true
1904,false,false,false,false,false
1995,true,false,true,false,false
1969,false,false,true,true,true
1978,false,false,true,true,false
1943,false,false,true,false,true
1854,false,false,false,true,true
1932,false,false,true,true,true
1988,true,false,true,true,true
2011,false,false,true,false,true
1910,false,false,true,true,true
1881,false,true,true,true,false
2000,false,false,false,false,false
2025,true,false,false,true,true
2015,false,false,true,false,false
1924,false,false,true,true,true
1963,false,false,true,true,false
1874,false,false,true,false,true
1961,false,false,true,false,true
2031,false,true,true,true,true
2120,false,false,true,false,false
1901,true,false,true,true,true
2009,false,true,true,true,true
1966,false,true,true,false,true
2046,false,false,true,true,false
2020,false,false,false,false,true
2036,false,false,true,true,true
1945,false,false,true,false,false
1983,false,true,true,true,true
1894,false,false,true,true,true
1981,false,false,true,false,false
2052,false,false,true,false,false
2029,true,false,true,true,true
2140,false,false,true,false,true
1921,false,true,false,true,true
1952,true,false,true,true,true
1987,false,true,false,true,true
1989,false,false,false,true,true
2066,false,false,true,true,true
1930,false,false,true,false,true
2056,true,false,false,false,true
2050,true,true,true,false,true
2004,false,true,true,true,true
2072,true,false,false,false,false
2008,true,false,true,true,false
2160,false,false,false,true,true
1972,true,false,false,false,false
1999,false,false,true,true,true
1986,true,false,false,true,false
2088,false,false,false,true,true
1951,false,false,true,true,true
2041,false,true,false,true,true
1912,false,true,false,true,true
1965,false,true,false,true,true
2021,false,false,true,false,false
2024,true,false,true,true,true
2028,false,false,false,true,false
1914,false,false,false,true,false
2094,false,false,true,false,true
1993,false,false,true,false,false
2019,true,false,true,false,false
2010,true,false,false,true,false
2061,true,true,true,true,true
1942,true,true,true,false,false
2108,false,false,false,false,false
1971,false,false,true,false,false
2049,false,false,true,false,false
1985,false,true,true,true,true
1916,false,true,true,false,false
2045,false,false,true,false,true
2030,true,false,false,true,true
2007,true,false,false,true,true
2180,true,false,true,true,true
1935,false,false,true,false,false
2040,true,true,true,true,true
2114,false,false,false,false,true
2006,false,false,false,true,true
2069,false,false,false,false,true
2077,false,true,false,true,true
2082,false,false,true,false,false
1992,true,false,true,true,true
2070,true,false,true,true,false
1937,false,false,true,true,false
2065,false,false,true,false,true
2027,true,false,false,true,true
2042,false,true,false,false,false
2200,false,false,true,true,true
2060,false,false,true,true,true
2134,false,false,true,true,true
2098,false,false,true,true,false
2026,false,false,true,true,false
2103,true,false,true,false,true
2091,false,false,true,true,false
2012,true,false,true,false,true
2048,false,false,true,true,true
2128,true,false,true,true,true
2087,false,false,true,true,false
2062,true,true,true,true,true
2118,false,true,false,false,true
2047,false,false,true,true,true
2221,false,false,false,false,false
2051,false,false,true,false,true
2111,false,false,true,true,false
2154,true,false,true,false,false
2081,false,false,true,true,true
2013,false,false,false,false,true
2002,false,true,true,true,false
2148,false,false,true,false,true
2032,false,false,true,true,true
2107,false,false,true,true,true
2067,false,false,false,false,false
2138,false,false,true,false,true
2131,false,false,true,false,true
2241,true,false,true,true,false
2071,true,true,true,true,true
2033,false,false,false,false,true
1933,false,false,true,true,false
1955,false,true,true,false,false
2089,true,true,true,false,true
2158,false,true,true,true,true
2068,false,true,false,true,false
2092,false,false,true,true,false
2151,true,false,true,true,true
2168,false,false,false,true,true
2054,false,false,true,true,true
1962,false,false,true,true,false
1953,false,false,true,true,true
2109,false,false,false,false,true
2178,false,false,false,true,true
1975,true,true,false,false,false
2174,true,false,true,false,true
2188,false,false,true,false,true
2022,false,false,true,false,true
1982,true,false,true,true,true
1973,true,true,true,true,true
2123,false,false,true,true,true
2053,true,false,true,true,true
2198,true,false,false,false,true
1996,false,false,false,true,true
2261,true,false,false,true,true
2194,true,true,false,true,false
1957,false,false,true,false,false
2043,false,false,true,false,false
2090,false,false,true,false,false
2003,false,false,true,false,true
1994,false,true,true,false,true
2102,false,false,true,true,true
2219,false,false,false,true,true
2281,false,false,true,true,true
1977,false,false,false,false,false
2214,false,true,false,false,true
2063,false,false,true,true,false
2083,true,false,true,true,true
2129,false,false,true,false,true
2016,false,false,false,true,false
2023,true,false,true,true,true
2239,true,true,true,true,true
2208,true,false,false,true,false
2014,false,false,true,false,false
2122,false,false,true,false,true
2143,false,false,true,true,true
2171,false,false,true,false,true
2149,false,false,true,true,true
2037,true,false,true,true,true
2074,false,false,false,true,true
2229,false,false,true,false,true
2259,false,false,true,true,false
2044,true,false,true,false,false
2127,false,false,true,false,true
2142,false,false,true,true,true
2163,true,true,true,false,false
2191,false,false,true,true,false
2093,false,false,true,true,false
2301,false,true,true,false,true
2169,false,false,true,false,true
2096,false,false,false,false,false
2235,true,true,false,true,false
2112,false,true,true,false,false
2073,false,false,false,false,true
2162,false,false,true,false,true
2147,true,false,false,false,true
2104,false,false,false,false,true
2183,false,false,false,true,false
2211,false,false,true,true,true
2113,false,false,true,false,true
2110,false,false,true,false,true
2321,false,false,true,true,true
2189,false,false,true,true,true
2095,false,false,true,false,true
2116,false,false,true,false,true
2167,true,false,false,true,false
2124,false,true,true,true,true
2057,false,false,false,true,true
2203,false,false,true,true,false
2232,false,false,true,true,true
1998,true,true,true,false,true
2209,false,true,true,false,false
2144,false,false,false,false,true
2035,false,false,false,true,true
2136,false,false,true,false,true
2187,false,true,false,true,true
2224,false,false,true,false,false
2182,false,true,false,false,true
2255,true,false,true,true,true
2230,true,false,false,false,false
2018,false,false,true,true,true
2249,false,true,false,true,true
2156,true,false,true,false,true
2207,true,true,false,true,true
2279,true,false,true,true,true
2085,true,true,true,true,false
2202,true,true,false,true,true
2275,true,true,true,false,false
2250,false,false,true,false,true
2252,true,true,true,true,true
2132,false,false,true,true,false
2299,false,true,true,false,true
2105,false,true,true,true,false
2223,true,true,false,true,true
2295,false,false,true,true,true
2064,false,false,true,true,false
2130,false,false,true,false,false
2341,false,true,false,false,true
2164,false,false,true,false,true
2272,false,false,true,true,true
2133,true,true,false,true,true
2319,false,false,true,true,true
2125,false,false,true,false,true
2115,false,true,true,false,false
2078,false,true,false,false,true
2315,true,false,false,false,false
2176,true,false,true,true,true
2361,false,true,false,true,true
2150,false,true,true,true,false
2269,false,false,true,true,true
2153,true,false,true,true,true
2339,false,false,true,false,false
2145,true,false,true,false,true
2270,false,false,true,false,false
2055,true,false,true,true,true
2099,false,true,false,false,false
2135,false,true,false,true,true
2152,true,false,false,true,true
2335,false,false,false,false,false
2170,false,true,true,true,false
2196,false,false,true,true,false
2165,true,false,true,false,true
2290,false,false,true,false,false
2173,false,false,false,true,true
2228,false,true,true,true,true
2119,false,true,true,false,true
2292,false,false,true,true,true
2076,true,false,false,true,true
2155,false,false,true,false,false
2355,false,false,true,true,true
2190,false,false,true,true,true
2185,false,true,true,true,true
2310,false,false,true,true,true
2244,true,true,true,true,true
2248,false,false,false,true,true
2359,true,false,false,true,true
2039,false,false,false,true,true
2097,false,false,true,true,false
2205,true,false,true,false,true
2086,false,false,true,true,true
2330,false,false,false,true,true
2172,true,true,false,true,true
2264,true,false,true,false,false
2268,false,false,true,true,true
2243,false,false,true,true,true
2059,true,false,false,true,false
2117,false,true,false,false,true
2106,false,false,true,false,false
2184,false,false,true,true,true
2226,false,false,true,false,false
2284,true,true,true,true,true
2350,false,true,false,true,true
2192,false,false,false,false,false
2288,false,false,true,true,false
2080,false,false,true,true,true
2126,false,false,true,true,false
2204,false,false,false,false,false
2217,false,false,false,false,true
2312,true,true,false,true,true
2304,false,false,false,false,true
2370,false,false,false,false,false
2212,true,false,false,true,true
2308,false,false,true,false,false
2225,false,false,true,true,true
2332,true,true,true,true,true
2146,false,false,false,false,false
2237,true,false,true,true,true
2233,false,false,true,false,false
2263,true,false,true,true,true
2246,false,false,true,false,true
2328,false,false,true,true,true
2210,true,true,false,true,true
2175,false,false,false,true,true
2289,false,false,false,true,true
2352,true,false,true,true,true
2245,false,false,true,false,true
2257,false,false,true,true,true
2253,false,false,true,true,false
2283,false,true,false,false,true
2266,false,false,true,false,false
2231,false,false,false,true,true
2101,false,false,true,false,true
2324,true,true,false,true,true
2265,true,true,false,true,true
2273,false,true,false,false,true
2193,false,false,true,false,false
2286,false,true,true,true,true
2166,true,true,true,true,true
2251,false,true,false,true,false
2344,false,true,false,false,true
2285,false,true,true,false,true
2293,false,false,true,true,false
2213,false,false,false,false,true
2309,false,false,true,false,false
2186,false,false,true,true,true
2271,false,false,true,true,false
2364,false,false,false,true,true
2277,false,false,true,true,false
2305,true,false,true,false,false
2303,false,false,false,false,true
2313,false,false,true,true,true
2121,true,false,true,true,true
2206,true,false,true,false,true
2329,true,false,true,true,false
2291,true,true,false,false,false
2297,false,false,true,true,true
2325,false,false,true,false,true
2348,false,false,false,true,true
2323,false,false,true,true,false
2333,false,false,true,false,false
2141,true,false,false,true,true
2137,false,false,true,true,false
2227,false,false,true,true,true
2349,false,true,true,false,true
2311,false,false,true,false,true
2234,false,false,true,false,true
2139,true,false,true,true,true
2317,false,true,true,false,false
2368,false,true,false,false,true
2161,false,false,false,true,true
2343,false,false,true,true,true
2306,false,false,true,false,true
2195,false,false,true,false,true
2247,false,true,true,false,true
2369,false,false,true,false,true
2159,false,false,true,false,true
2337,false,false,false,true,true
2181,false,true,true,true,true
2326,true,false,true,true,false
2363,false,true,true,true,true
2216,false,false,true,true,true
2345,false,false,true,true,true
2179,true,true,true,true,true
2353,false,false,true,false,true
2157,false,false,true,true,true
2357,false,false,false,false,true
2346,false,true,true,true,true
2236,false,true,false,true,true
2331,false,true,true,false,true
2254,false,false,true,false,true
2365,false,false,false,true,true
2177,true,false,true,false,true
2267,false,true,false,false,true
2366,false,false,true,true,true
2256,false,false,true,false,false
2351,false,true,false,false,true
2274,true,false,true,true,true
2197,false,false,true,true,true
2287,false,true,true,false,false
2201,true,false,true,true,true
2199,false,true,true,false,true
2294,false,false,false,true,true
2218,false,true,false,false,true
2222,true,true,false,true,true
2220,false,false,true,false,true
2307,true,true,true,false,false
2314,false,false,true,true,false
2276,true,true,false,true,true
2242,false,true,true,false,false
2240,true,false,true,false,false
2238,false,true,false,true,false
2327,false,true,true,true,false
2334,true,true,false,true,true
2296,false,false,false,false,false
2262,false,true,false,false,true
2260,true,true,false,false,true
2258,true,false,true,true,true
2347,true,false,true,true,true
2354,false,false,true,false,false
2316,true,false,true,false,false
2282,false,false,true,true,true
2280,false,false,true,true,false
2278,false,false,false,false,true
2367,false,false,false,false,false
2336,false,false,true,false,true
2302,false,true,true,true,true
2300,true,false,false,false,true
2298,false,false,true,false,false
2356,false,false,false,true,true
2322,true,true,true,true,true
2320,false,false,true,false,true
2318,true,false,false,true,false
2342,false,false,false,true,false
2340,false,false,false,true,true
2338,true,true,false,true,false
2358,false,false,true,false,false
2362,false,true,true,false,true
2360,false,false,true,false,true
30019,true,true,true,false,false
30026,true,true,true,false,false
30016,true,false,false,false,false
30072,true,true,false,false,false
30030,false,false,true,false,false
30063,true,true,true,false,false
29997,true,true,true,false,false
30002,true,true,false,false,false
30013,true,true,true,true,true
30015,true,true,true,true,true
30039,true,true,true,false,false
30046,true,true,true,true,true
30036,true,true,true,true,true
30092,true,false,true,false,false
29988,true,true,true,true,true
29984,true,true,true,true,false
29977,true,true,true,false,false
29980,true,true,true,true,false
29987,true,true,true,false,false
30040,true,false,false,false,false
30017,true,true,true,true,false
30035,true,true,true,true,false
30022,true,true,true,false,false
30033,true,true,true,true,true
30064,true,true,true,false,false
30059,true,true,true,true,false
30112,true,true,true,true,false
30056,true,true,true,false,false
30066,true,true,true,true,false
30005,true,true,true,true,false
30001,true,true,true,true,false
30054,true,true,false,false,false
30060,true,true,true,true,true
30037,true,true,true,true,true
30055,true,true,true,true,false
30042,true,true,true,true,true
30050,true,true,true,false,false
29991,true,true,true,true,false
30079,true,true,true,true,false
30133,true,true,true,false,true
30076,true,true,true,true,false
30086,true,true,true,false,true
30025,true,true,true,true,false
30080,true,true,false,false,false
30021,true,true,true,true,true
30075,true,true,true,true,false
30057,true,true,true,true,false
30153,true,true,true,false,false
30070,true,true,true,true,true
29998,true,true,true,false,true
30008,true,true,true,true,false
30106,true,true,true,true,true
30053,true,false,true,false,false
29986,true,true,true,true,true
30084,true,true,true,false,false
30045,true,true,true,true,false
30083,true,true,true,false,false
30100,true,true,true,true,true
30077,true,true,true,true,true
30173,true,true,true,true,false
30090,false,false,false,false,false
30018,false,false,false,false,false
30074,true,true,true,false,false
30028,true,true,true,true,false
30062,false,true,true,false,false
30065,false,false,true,false,false
30009,false,true,true,false,false
30099,true,true,true,true,true
30194,true,true,true,false,false
30096,true,true,true,true,true
30073,true,true,true,false,false
30007,true,false,false,false,false
30103,true,true,true,true,true
30097,true,true,true,true,false
30041,true,true,true,true,false
30038,true,true,true,true,true
30110,true,true,true,false,false
30048,true,true,true,true,false
30120,true,true,true,true,true
30085,true,true,true,true,false
30082,true,true,true,false,false
30214,true,true,true,false,false
30029,true,true,true,true,true
30123,false,false,false,false,false
30116,true,true,true,true,false
30126,true,true,true,true,true
30027,true,true,true,false,false
30117,true,true,true,true,false
30104,true,true,true,true,false
30141,true,true,true,false,false
30011,true,true,true,false,false
30131,false,false,false,false,false
30068,true,true,true,false,false
30105,true,true,true,true,true
30102,true,true,true,false,false
30095,true,true,true,true,true
30094,true,true,true,false,true
30235,true,true,true,false,false
30137,true,true,true,false,false
30147,true,true,true,false,false
30047,true,true,true,false,false
30124,false,false,true,false,false
30161,false,false,false,false,false
30125,true,true,true,false,false
30031,true,true,true,false,false
30088,true,true,true,false,false
30115,true,true,true,false,true
30061,true,true,true,false,false
30122,true,true,true,false,false
30114,true,true,true,true,false
30255,true,true,true,false,false
30157,true,true,true,false,false
30145,true,true,true,true,false
30049,true,true,true,false,false
30181,true,true,true,true,true
30108,true,true,true,true,true
30146,true,true,true,true,true
30136,false,true,true,false,false
30093,true,true,true,false,false
30151,true,true,true,true,true
30135,true,true,true,false,false
30202,true,true,false,false,false
30276,true,true,true,false,true
30177,false,false,false,false,false
30069,true,true,true,true,true
30167,true,true,false,false,false
30067,true,true,true,false,false
30144,true,true,true,true,false
30156,false,false,false,false,false
30138,true,true,true,true,true
30081,true,false,false,false,false
30171,true,true,true,false,false
30155,true,true,true,false,false
30297,true,true,true,false,false
30198,true,true,true,false,false
30119,true,true,true,false,false
30089,true,true,true,true,true
30164,true,true,true,false,false
30143,false,false,true,false,false
30187,true,true,true,true,true
30087,false,false,false,false,false
30058,true,true,true,false,false
30165,true,true,true,true,false
30176,true,false,false,false,false
30101,true,true,true,true,true
30192,true,true,true,true,true
30166,true,true,true,false,false
30175,true,true,true,true,true
30140,true,true,true,false,false
30051,true,true,true,false,false
30129,true,true,true,false,false
30185,true,true,true,false,false
30208,true,true,true,true,false
30107,true,true,true,false,false
30078,true,true,true,false,false
30197,true,true,true,true,true
30222,false,false,false,false,false
30212,true,true,true,false,true
30121,true,true,true,false,false
30160,false,true,true,false,false
30071,true,true,true,true,false
30158,true,true,true,false,false
30228,false,false,true,false,false
30317,true,true,true,true,true
30098,true,true,true,false,false
30206,true,false,false,false,false
30163,true,true,true,true,true
30243,true,true,true,false,false
30217,true,true,true,true,false
30233,false,true,true,false,false
30142,true,true,true,true,false
30180,true,true,true,false,false
30091,true,true,true,false,false
30178,true,true,true,true,true
30249,true,true,true,true,true
30226,false,true,true,false,false
30337,true,true,true,false,false
30118,true,true,true,false,false
30149,true,true,true,false,false
30184,true,true,true,false,false
30186,true,true,true,false,false
30263,true,true,true,false,false
30127,true,true,true,true,false
30253,true,true,true,true,true
30247,false,true,true,false,false
30201,true,true,true,false,false
30269,true,true,true,true,true
30205,true,true,true,false,false
30357,true,true,true,false,false
30169,true,true,true,true,true
30196,true,true,true,true,false
30183,true,true,true,false,true
30285,true,true,true,false,false
30148,true,true,true,false,false
30238,true,true,true,false,false
30109,true,false,false,false,false
30162,false,false,false,false,false
30218,true,true,true,true,false
30221,true,true,true,false,false
30225,true,true,true,false,true
